{"cameraMode":{"drawMode":0,"name":"Shaded","section":"Shading Mode"},"sceneLighting":true,"audioPlay":false,"sceneViewState":{"m_AlwaysRefresh":false,"showFog":true,"showSkybox":true,"showFlares":true,"showImageEffects":true,"showParticleSystems":true,"showVisualEffectGraphs":true,"m_FxEnabled":true},"in2DMode":false,"pivot":{"x":-2.9138762950897219,"y":-25.94855499267578,"z":69.70194244384766},"rotation":{"x":-0.18670327961444856,"y":0.00648096576333046,"z":-0.0012317198561504484,"w":-0.9823943972587586},"size":55.06488037109375,"orthographic":false}